<?xml version="1.0" encoding="UTF-8"?>
<project-private xmlns="http://www.netbeans.org/ns/project-private/1">
    <editor-bookmarks xmlns="http://www.netbeans.org/ns/editor-bookmarks/2" lastBookmarkId="0"/>
    <open-files xmlns="http://www.netbeans.org/ns/projectui-open-files/2">
        <group>
            <file>file:/D:/Libraries/Dropbox/COLTEC/Informatica/JavaProjects/CalculadoraContador/src/calculadoracontador/apresentacao/CalculadoraUI.java</file>
            <file>file:/D:/Libraries/Dropbox/COLTEC/Informatica/JavaProjects/CalculadoraContador/src/calculadoracontador/persistencia/Leitura.java</file>
        </group>
    </open-files>
</project-private>
